Time,Type,PID,Client
Thu Nov 18 21:31:31.147693 2021,php7:notice,pid 4166,client 10.82.207.144:54096
Thu Nov 18 21:31:45.328611 2021,php7:notice,pid 4166,client 10.82.207.144:54096
Thu Nov 18 21:31:51.060192 2021,php7:notice,pid 4166,client 10.82.207.144:54096
Thu Nov 18 21:31:31.147693 2021,php7:notice,pid 4166,client 10.82.207.144:54096
Thu Nov 18 21:31:42.106079 2021,php7:notice,pid 4166,client 10.82.207.144:54096
Thu Nov 18 21:31:47.557595 2021,php7:notice,pid 4166,client 10.82.207.144:54096
Thu Nov 18 21:31:51.060192 2021,php7:notice,pid 4166,client 10.82.207.144:54096
